,utility gain,Sharpe ratio
ridge,5.913578865579071,0.1597847131651151
lasso,5.548680221273907,0.1559826048225647
elastic net,5.525850483014464,0.1556236731813048
lars,-0.0601772578999276,0.07138148476331892
OMP,4.967637953834941,0.14978280362212956
Pool-AVG,5.686236536267144,0.1609616802081711
KitchenSink,-0.29096316648102827,0.09000160092677519
PLS,4.070983246966255,0.137958794470461
FC,0.7737330260167832,0.07650135615292386
