,utility gain,Sharpe ratio
ridge,6.095959298019843,0.1620031029820649
lasso,5.732944109288772,0.15821260686544616
elastic net,5.709364938032103,0.1578499267392113
lars,0.12096828616637474,0.07391482051457966
OMP,5.165724660552309,0.1521558156291905
Pool-AVG,5.903493500703021,0.16344840424079554
KitchenSink,-0.06897067023200372,0.0926508087768332
PLS,4.259076484039589,0.14027696242007315
FC,0.9631169397745828,0.07933450483859003
