,R_square,CW-test
ridge,0.03821869990465976,2.6798914257856508
lasso,0.03812531764417426,2.484981051749672
elastic net,0.04003225557628831,2.5185022214052317
lars,-0.008374588621271606,0.57420875782976
OMP,0.034592452443360955,2.3505495200168163
Pool-AVG,0.03716541883366642,2.4076510162026477
KitchenSink,-0.08778589096853096,1.3048157232211506
PLS,0.009181999484005998,2.2405653892554516
FC,0.006368364272651972,1.2760627013475787
