,R_square,CW-test
ridge,0.022654225865640476,2.0878871330593687
lasso,0.028378889548001718,2.0342972127945416
elastic net,0.028804600718180584,2.047815598738366
lars,-0.004253982293999092,0.3197160161071691
OMP,-0.02930210155867541,1.2586812744091915
Pool-AVG,0.031222030292178515,2.162290421332016
KitchenSink,-0.060098536116860446,0.9052873579214742
PLS,-0.027922452834409528,1.1652552667085307
FC,-0.0018310488428190386,0.1395374994742306
