,R_square,CW-test
ECON,0.017633167053229593,1.9901911563300907
TECH,-0.03306215486528741,-0.6626728298349566
ALL,-0.003827079929308086,1.3530691134065225
