,R_square,CW-test
ridge,0.04766645166785255,2.679891425785651
lasso,0.04157014720055052,2.4849810517496707
elastic net,0.04297207128652958,2.5185022214052313
lars,-0.0004889269222878578,0.5742087578297604
OMP,0.039749252926443934,2.3505495200168167
Pool-AVG,0.04113884138677337,2.4076510162026485
KitchenSink,-0.024279205757219646,1.3048157232211501
PLS,0.02699499078065315,2.2405653892554525
FC,0.006084191330004929,1.2760627013475785
