,R_square,CW-test
ridge,0.03821869990465976,2.6798914257856508
lasso,0.03812531764417404,2.484981051749672
elasticnet,0.04003225557628831,2.5185022214052313
lars,-0.008374588621271606,0.5742087578297596
OMP,0.034592452443360955,2.3505495200168167
Pool-AVG,0.03716541883366642,2.407651016202647
MR,-0.08778589096853096,1.3048157232211508
