,R_square,CW-test
ridge,0.03132229818428234,2.475650039964457
lasso,0.043382368823079887,2.5835661554155585
elasticnet,0.04381436093359681,2.5960444735144033
lars,0.00934790883412473,1.2650282666884445
OMP,0.024549086624742644,2.2115893856296864
Pool-AVG,0.037790024175917036,2.3783549430170106
MR,-0.08703752542675125,1.147673400002229
