,R_square,CW-test
ridge,0.038248030590189885,2.606287359537344
lasso,0.04145602187693953,2.501387677991269
elasticnet,0.042499787187572524,2.5217907479957304
lars,0.021462223532261238,1.7433794193855203
OMP,0.03159914286718146,2.4023234669021183
Pool-AVG,0.03470006106317958,2.297726726002152
MR,-0.05307290323252989,1.3992348756283095
