,R_square,CW-test
ridge,0.03644639274569117,2.5641983616378483
lasso,0.0394802654407409,2.470021895590187
elasticnet,0.03979513646915245,2.4817354027855796
lars,0.008533402616286545,1.2909426349386748
OMP,0.027030172761063787,2.282163067880339
Pool-AVG,0.03676178859538115,2.3382170642796405
MR,-0.07655163849971358,1.1527845203973344
