,R_square,CW-test
ridge,0.03679966545257107,2.609468381334056
lasso,0.0489437199420969,2.636896962456462
elasticnet,0.0482537173362636,2.6007684705047867
lars,0.013704400706379238,1.5857145029187023
OMP,0.03880050481962194,2.547455900004526
Pool-AVG,0.03604375888717126,2.402918216821657
MR,-108.75107974420335,-1.2093150445004706
